{
	"credit": "Made with Blockbench",
	"textures": {
		"0": "./asugun_2",
		"1": "./asugunlinethingies",
		"2": "./moredotsforasugun",
		"3": "./someotherstuffforasugun",
		"particle": "custom/asugun_2"
	},
	"elements": [
		{
			"from": [7.5, 0, 7.75],
			"to": [8.5, 2.5, 8.5],
			"faces": {
				"north": {"uv": [0, 0, 1, 2.5], "texture": "#2"},
				"east": {"uv": [2, 0, 2.75, 2.5], "texture": "#2"},
				"south": {"uv": [1, 0, 2, 2.5], "texture": "#2"},
				"west": {"uv": [0, 3, 0.75, 5.5], "texture": "#2"},
				"up": {"uv": [4, 0.75, 3, 0], "texture": "#2"},
				"down": {"uv": [2, 3, 1, 3.75], "texture": "#2"}
			}
		},
		{
			"from": [7.25, 2.5, 4],
			"to": [8.75, 3.75, 13.75],
			"faces": {
				"north": {"uv": [4, 4, 5.5, 5.25], "texture": "#0"},
				"east": {"uv": [4, 0, 13.75, 1.25], "texture": "#0"},
				"south": {"uv": [4, 6, 5.5, 7.25], "texture": "#0"},
				"west": {"uv": [4, 2, 13.75, 3.25], "texture": "#0"},
				"up": {"uv": [1.5, 9.75, 0, 0], "texture": "#0"},
				"down": {"uv": [3.5, 0, 2, 9.75], "texture": "#0"}
			}
		},
		{
			"from": [7.75, 2.25, 8.25],
			"to": [8.25, 2.5, 11.25],
			"rotation": {"angle": -22.5, "axis": "x", "origin": [8, 1.25, 10.25]},
			"faces": {
				"north": {"uv": [2, 2, 2.5, 2.5], "texture": "#3"},
				"east": {"uv": [0, 0, 3, 0.5], "texture": "#3"},
				"south": {"uv": [3, 0, 3.5, 0.5], "texture": "#3"},
				"west": {"uv": [0, 1, 3, 1.5], "texture": "#3"},
				"up": {"uv": [0.5, 5, 0, 2], "texture": "#3"},
				"down": {"uv": [1.5, 2, 1, 5], "texture": "#3"}
			}
		},
		{
			"from": [7.75, 0.5, 11.5],
			"to": [8.25, 2.5, 12],
			"faces": {
				"north": {"uv": [0, 0, 0.5, 2], "texture": "#1"},
				"east": {"uv": [1, 0, 1.5, 2], "texture": "#1"},
				"south": {"uv": [0, 2, 0.5, 4], "texture": "#1"},
				"west": {"uv": [2, 0, 2.5, 2], "texture": "#1"},
				"up": {"uv": [1.5, 2.5, 1, 2], "texture": "#1"},
				"down": {"uv": [2.5, 2, 2, 2.5], "texture": "#1"}
			}
		}
	],
	"display": {
		"thirdperson_righthand": {
			"rotation": [0, -180, 0],
			"translation": [0, 25.5, 2],
			"scale": [4, 4, 4]
		},
		"firstperson_righthand": {
			"rotation": [16, -151, 1],
			"translation": [1.25, 7.75, 1.75]
		},
		"ground": {
			"translation": [0, 4.75, 0]
		},
		"gui": {
			"rotation": [6, 35, 0],
			"translation": [-1, 12.5, -0.25],
			"scale": [2, 2, 2]
		},
		"fixed": {
			"rotation": [0, 89, 0],
			"translation": [-3.25, 24, -2],
			"scale": [4, 4, 4]
		}
	}
}