{
	"credit": "Made with Blockbench",
	"texture_size": [32, 32],
	"textures": {
		"0": "./asufaruto_army_sword_big",
		"particle": "custom/asufaruto_army_sword_big"
	},
	"elements": [
		{
			"from": [7.5, 0, 7.25],
			"to": [8.5, 30.75, 8.25],
			"faces": {
				"north": {"uv": [7, 0, 7.5, 15.5], "texture": "#0"},
				"east": {"uv": [7.5, 0, 8, 15.5], "texture": "#0"},
				"south": {"uv": [8, 0, 8.5, 15.5], "texture": "#0"},
				"west": {"uv": [8.5, 0, 9, 15.5], "texture": "#0"},
				"up": {"uv": [10.5, 7.5, 10, 7], "texture": "#0"},
				"down": {"uv": [10.5, 7.5, 10, 8], "texture": "#0"}
			}
		},
		{
			"from": [6.75, 3.5, 7.5],
			"to": [9.25, 30, 8],
			"faces": {
				"north": {"uv": [4, 0, 5.25, 13.25], "texture": "#0"},
				"east": {"uv": [9, 0, 9.25, 13.25], "texture": "#0"},
				"south": {"uv": [5.5, 0, 6.75, 13.25], "texture": "#0"},
				"west": {"uv": [9.5, 0, 9.75, 13.25], "texture": "#0"},
				"up": {"uv": [11.25, 6.25, 10, 6], "texture": "#0"},
				"down": {"uv": [11.25, 6.5, 10, 6.75], "texture": "#0"}
			}
		},
		{
			"from": [6, 3.5, 7.75],
			"to": [10, 29.25, 7.75],
			"faces": {
				"north": {"uv": [0, 0, 2, 13], "texture": "#0"},
				"east": {"uv": [0, 0, 0, 13], "texture": "#0"},
				"south": {"uv": [2, 0, 4, 13], "texture": "#0"},
				"west": {"uv": [0, 0, 0, 13], "texture": "#0"},
				"up": {"uv": [2, 0, 0, 0], "texture": "#0"},
				"down": {"uv": [2, 0, 0, 0], "texture": "#0"}
			}
		},
		{
			"from": [5, 2.5, 6.75],
			"to": [11, 4, 8.75],
			"faces": {
				"north": {"uv": [10, 2, 12.5, 2.75], "texture": "#0"},
				"east": {"uv": [10, 4, 11, 4.75], "texture": "#0"},
				"south": {"uv": [10, 3, 12.5, 3.75], "texture": "#0"},
				"west": {"uv": [10, 5, 11, 5.75], "texture": "#0"},
				"up": {"uv": [12.5, 1, 10, 0], "texture": "#0"},
				"down": {"uv": [12.5, 1, 10, 2], "texture": "#0"}
			}
		}
	],
	"display": {
		"thirdperson_righthand": {
			"rotation": [0, -92, 0],
			"translation": [-0.75, 23, 0.5],
			"scale": [3.42, 3.42, 3.42]
		},
		"thirdperson_lefthand": {
			"rotation": [0, -92, 0],
			"translation": [-0.75, 23, 0.5],
			"scale": [3.42, 3.42, 3.42]
		},
		"firstperson_righthand": {
			"rotation": [137, -76, -180],
			"translation": [0, 8.25, 1.25]
		},
		"firstperson_lefthand": {
			"rotation": [137, -76, -180],
			"translation": [0, 8.25, 1.25]
		},
		"ground": {
			"translation": [0, 25, 0],
			"scale": [4, 4, 4]
		},
		"gui": {
			"rotation": [-24, 154, 31],
			"translation": [-1.25, -2.75, 0],
			"scale": [0.5, 0.5, 0.5]
		},
		"fixed": {
			"translation": [0, 16.75, 0.75],
			"scale": [4, 4, 4]
		}
	}
}