{
	"credit": "Made with Blockbench",
	"texture_size": [800, 399],
	"textures": {
		"2": "./asuflag"
	},
	"elements": [
		{
			"from": [7.1, 0, 7.1],
			"to": [8.9, 16, 8.9],
			"faces": {
				"north": {"uv": [8.5, 0.04, 9.5, 16.04], "texture": "#2"},
				"east": {"uv": [10, 0, 11, 16], "texture": "#2"},
				"south": {"uv": [9, 0, 10, 16], "texture": "#2"},
				"west": {"uv": [14.5, 0.04, 15.5, 16.04], "texture": "#2"},
				"up": {"uv": [11.04, 6.92, 11.98, 9], "texture": "#2"},
				"down": {"uv": [10.98, 6.92, 11.98, 9], "texture": "#2"}
			}
		},
		{
			"from": [7.5, 8, -4],
			"to": [8.5, 16, 7],
			"faces": {
				"north": {"uv": [1, 4, 3, 12], "texture": "#2"},
				"east": {"uv": [1, 4, 6.5, 12], "rotation": 180, "texture": "#2"},
				"south": {"uv": [1, 4, 6.5, 12], "texture": "#2"},
				"west": {"uv": [1, 4, 6.5, 12], "texture": "#2"},
				"up": {"uv": [1, 4, 3, 12], "texture": "#2"},
				"down": {"uv": [1, 4, 3, 12], "texture": "#2"}
			}
		}
	],
	"display": {
		"thirdperson_righthand": {
			"translation": [0, 7.5, 1.5]
		},
		"thirdperson_lefthand": {
			"translation": [0, 2, 1.5],
			"scale": [0.5, 0.5, 0.5]
		},
		"firstperson_righthand": {
			"rotation": [-19, 18, 0],
			"translation": [1.75, 2, 1.5],
			"scale": [0.5, 0.5, 0.5]
		},
		"firstperson_lefthand": {
			"rotation": [-19, 18, 0],
			"translation": [1.75, 2, 1.5],
			"scale": [0.5, 0.5, 0.5]
		},
		"ground": {
			"translation": [0, 6, 0]
		},
		"gui": {
			"rotation": [30, 78, -35],
			"translation": [4.75, -1.25, 0],
			"scale": [0.75, 0.75, 0.75]
		},
		"head": {
			"rotation": [31, -180, 0],
			"translation": [0, 7.75, 7.25]
		},
		"fixed": {
			"rotation": [-90, 0, 0],
			"translation": [0, 0.5, -14.5],
			"scale": [2, 2, 2]
		}
	},
	"groups": [
		{
			"name": "lightning_rod",
			"origin": [8, 8, 8],
			"color": 0,
			"children": [
				{
					"name": "lightning_rod",
					"origin": [8, 8, 8],
					"color": 0,
					"children": [0, 1]
				}
			]
		}
	]
}