{
	"credit": "Made with Blockbench",
	"texture_size": [32, 32],
	"textures": {
		"0": "./brittisk_slottshatt",
		"particle": "./brittisk_slottshatt"
	},
	"elements": [
		{
			"from": [5.25, 0, 5.25],
			"to": [10.75, 11, 10.75],
			"faces": {
				"north": {"uv": [0, 0, 2.75, 5.5], "texture": "#0"},
				"east": {"uv": [3, 0, 5.75, 5.5], "texture": "#0"},
				"south": {"uv": [0, 5.5, 2.75, 11], "texture": "#0"},
				"west": {"uv": [3, 5.5, 5.75, 11], "texture": "#0"},
				"up": {"uv": [8.75, 2.75, 6, 0], "texture": "#0"},
				"down": {"uv": [8.75, 3, 6, 5.75], "texture": "#0"}
			}
		}
	],
	"display": {
		"thirdperson_righthand": {
			"translation": [0, 7, 0]
		},
		"thirdperson_lefthand": {
			"translation": [0, 6.75, 0]
		},
		"firstperson_righthand": {
			"rotation": [-16, 0, 0],
			"translation": [0, 6.25, 0]
		},
		"ground": {
			"translation": [0, 27, 0],
			"scale": [4, 4, 4]
		},
		"gui": {
			"rotation": [45, 67, 0],
			"translation": [0, 2.25, 0]
		},
		"head": {
			"translation": [0, 22.5, 0],
			"scale": [2.84, 2.84, 2.84]
		},
		"fixed": {
			"rotation": [89, 0, 0],
			"translation": [0, 0, -10.5],
			"scale": [4, 4, 4]
		}
	}
}