{
	"credit": "Made with Blockbench",
	"texture_size": [64, 64],
	"textures": {
		"0": "./tomteluva",
		"particle": "./tomteluva"
	},
	"elements": [
		{
			"from": [3, 0, 3],
			"to": [13, 8.25, 13],
			"faces": {
				"north": {"uv": [2.5, 0, 5, 2.125], "texture": "#0"},
				"east": {"uv": [2.5, 2.25, 5, 4.375], "texture": "#0"},
				"south": {"uv": [2.5, 4.5, 5, 6.625], "texture": "#0"},
				"west": {"uv": [0, 5, 2.5, 7.125], "texture": "#0"},
				"up": {"uv": [2.5, 2.5, 0, 0], "texture": "#0"},
				"down": {"uv": [2.5, 2.5, 0, 5], "texture": "#0"}
			}
		},
		{
			"from": [4.5, 3, 7],
			"to": [11.5, 11.25, 14],
			"rotation": {"angle": -22.5, "axis": "x", "origin": [0, 0, 0]},
			"faces": {
				"north": {"uv": [5, 0, 6.75, 2.125], "texture": "#0"},
				"east": {"uv": [5, 2.25, 6.75, 4.375], "texture": "#0"},
				"south": {"uv": [5, 4.5, 6.75, 6.625], "texture": "#0"},
				"west": {"uv": [6.75, 0, 8.5, 2.125], "texture": "#0"},
				"up": {"uv": [8.5, 4, 6.75, 2.25], "texture": "#0"},
				"down": {"uv": [4.25, 6.75, 2.5, 8.5], "texture": "#0"}
			}
		},
		{
			"from": [5.5, 4.5, 11],
			"to": [10.5, 12.75, 16.5],
			"rotation": {"angle": -45, "axis": "x", "origin": [0, 0, 0]},
			"faces": {
				"north": {"uv": [8.5, 2.25, 9.75, 4.375], "texture": "#0"},
				"east": {"uv": [8.5, 0, 9.875, 2.125], "texture": "#0"},
				"south": {"uv": [3.25, 8.5, 4.5, 10.625], "texture": "#0"},
				"west": {"uv": [1.75, 8.5, 3.125, 10.625], "texture": "#0"},
				"up": {"uv": [5.75, 9.875, 4.5, 8.5], "texture": "#0"},
				"down": {"uv": [9.75, 4.5, 8.5, 5.875], "texture": "#0"}
			}
		},
		{
			"from": [4.5, 15.93109, -4.26687],
			"to": [11.5, 22.93109, 2.73313],
			"rotation": {"angle": 22.5, "axis": "x", "origin": [0, 21.25, -1]},
			"faces": {
				"north": {"uv": [6.75, 4, 8.5, 5.75], "texture": "#0"},
				"east": {"uv": [4.25, 6.75, 6, 8.5], "texture": "#0"},
				"south": {"uv": [6.75, 5.75, 8.5, 7.5], "texture": "#0"},
				"west": {"uv": [0, 7.25, 1.75, 9], "texture": "#0"},
				"up": {"uv": [7.75, 9.25, 6, 7.5], "texture": "#0"},
				"down": {"uv": [9.5, 7.5, 7.75, 9.25], "texture": "#0"}
			}
		}
	],
	"display": {
		"thirdperson_righthand": {
			"rotation": [0, -180, 0],
			"translation": [0, 0.75, 0],
			"scale": [0.5, 0.5, 0.5]
		},
		"thirdperson_lefthand": {
			"rotation": [0, -180, 0],
			"translation": [0, 0.75, 0],
			"scale": [0.5, 0.5, 0.5]
		},
		"firstperson_righthand": {
			"rotation": [-45, -180, 36],
			"translation": [0, 1.5, 1],
			"scale": [0.5, 0.5, 0.5]
		},
		"firstperson_lefthand": {
			"rotation": [-45, -180, 36],
			"translation": [0, 1.5, 1],
			"scale": [0.5, 0.5, 0.5]
		},
		"ground": {
			"translation": [0, 4.75, 0]
		},
		"head": {
			"rotation": [0, 180, 0],
			"translation": [0, 14.5, 0],
			"scale": [1.4, 1.4, 1.4]
		},
		"fixed": {
			"rotation": [-90, 56.75, 90],
			"translation": [3.5, -0.75, -3.25]
		}
	}
}