{
	"credit": "Made with Blockbench",
	"texture_size": [32, 32],
	"textures": {
		"0": "./security_camera",
		"particle": "./security_camera"
	},
	"elements": [
		{
			"from": [4.5, 0.25, 9.75],
			"to": [11, 6.75, 10.75],
			"rotation": {"angle": 0, "axis": "x", "origin": [7.75, 3.25, 7.5]},
			"faces": {
				"north": {"uv": [0, 0, 3.25, 3.25], "texture": "#0"},
				"east": {"uv": [4, 5.5, 4.5, 8.75], "texture": "#0"},
				"south": {"uv": [0, 3.5, 3.25, 6.75], "texture": "#0"},
				"west": {"uv": [4.5, 5.5, 5, 8.75], "texture": "#0"},
				"up": {"uv": [9.25, 3.5, 6, 3], "texture": "#0"},
				"down": {"uv": [9.25, 3.5, 6, 4], "texture": "#0"}
			}
		},
		{
			"from": [7.25, 2.09829, 2.98045],
			"to": [8.25, 3.09829, 10.48045],
			"rotation": {"angle": 22.5, "axis": "x", "origin": [7.75, 3.25, 7.5]},
			"faces": {
				"north": {"uv": [5, 5.5, 5.5, 6], "texture": "#0"},
				"east": {"uv": [5.5, 2, 9.25, 2.5], "texture": "#0"},
				"south": {"uv": [5, 6, 5.5, 6.5], "texture": "#0"},
				"west": {"uv": [5.5, 2.5, 9.25, 3], "texture": "#0"},
				"up": {"uv": [6, 6.75, 5.5, 3], "texture": "#0"},
				"down": {"uv": [4, 5.5, 3.5, 9.25], "texture": "#0"}
			}
		},
		{
			"from": [6.75, 3.5, 2],
			"to": [8.75, 5.5, 8.75],
			"faces": {
				"north": {"uv": [6, 4, 7, 5], "texture": "#0"},
				"east": {"uv": [3.5, 0, 6.875, 1], "texture": "#0"},
				"south": {"uv": [6, 5, 7, 6], "texture": "#0"},
				"west": {"uv": [3.5, 1, 6.875, 2], "texture": "#0"},
				"up": {"uv": [4.5, 5.375, 3.5, 2], "texture": "#0"},
				"down": {"uv": [5.5, 2, 4.5, 5.375], "texture": "#0"}
			}
		},
		{
			"from": [7.25, 4, 8.75],
			"to": [8.25, 5, 9.75],
			"faces": {
				"north": {"uv": [6, 6, 6.5, 6.5], "texture": "#0"},
				"east": {"uv": [5, 6.5, 5.5, 7], "texture": "#0"},
				"south": {"uv": [6, 6.5, 6.5, 7], "texture": "#0"},
				"west": {"uv": [6.5, 6, 7, 6.5], "texture": "#0"},
				"up": {"uv": [7, 7, 6.5, 6.5], "texture": "#0"},
				"down": {"uv": [0.5, 7, 0, 7.5], "texture": "#0"}
			}
		}
	],
	"display": {
		"thirdperson_righthand": {
			"translation": [0, 2.5, -2.25]
		},
		"thirdperson_lefthand": {
			"translation": [0, 2.5, -2.25]
		},
		"firstperson_righthand": {
			"rotation": [0, 41, 0],
			"translation": [2.5, 6.5, -1]
		},
		"firstperson_lefthand": {
			"rotation": [0, 41, 0],
			"translation": [2.5, 6.5, -1]
		},
		"ground": {
			"translation": [0, 4.25, 0]
		},
		"gui": {
			"rotation": [0, -139, 0],
			"translation": [0, 6.5, 0],
			"scale": [1.4, 1.4, 1.4]
		},
		"head": {
			"translation": [0, 7.5, -8]
		},
		"fixed": {
			"translation": [0.25, 17.75, -8.5],
			"scale": [4, 4, 4]
		}
	}
}