{
	"credit": "Made with Blockbench",
	"textures": {
		"0": "./asufaruto_helmet_big_texture0",
		"1": "./asufaruto_helmet_big_texture1",
		"2": "./asufaruto_helmet_big_texture2",
		"3": "./asufaruto_helmet_big_texture3_top",
		"4": "./asufaruto_helmet_big_texture4_base",
		"particle": "custom/asufaruto_helmet_big_texture0"
	},
	"elements": [
		{
			"from": [0, 0, 0],
			"to": [16, 16, 16],
			"rotation": {"angle": 0, "axis": "y", "origin": [8, 0, 8.25]},
			"faces": {
				"north": {"uv": [0, 3, 2.5, 5.5], "texture": "#4"},
				"east": {"uv": [3, 0, 5.5, 2.5], "texture": "#4"},
				"south": {"uv": [3, 3, 5.5, 5.5], "texture": "#4"},
				"west": {"uv": [0, 0, 2.5, 2.5], "texture": "#4"},
				"up": {"uv": [2.5, 8.5, 0, 6], "rotation": 270, "texture": "#4"},
				"down": {"uv": [8.5, 0, 6, 2.5], "rotation": 90, "texture": "#4"}
			}
		},
		{
			"from": [1.25, 15.5, 1.5],
			"to": [14.5, 19, 14.75],
			"rotation": {"angle": 0, "axis": "y", "origin": [8, 0, 8.25]},
			"faces": {
				"north": {"uv": [2, 1, 4, 2], "texture": "#0"},
				"east": {"uv": [2, 2, 4, 3], "texture": "#0"},
				"south": {"uv": [2, 3, 4, 4], "texture": "#0"},
				"west": {"uv": [2, 0, 4, 1], "texture": "#0"},
				"up": {"uv": [2, 2, 0, 0], "rotation": 270, "texture": "#0"},
				"down": {"uv": [2, 2, 0, 4], "rotation": 90, "texture": "#0"}
			}
		},
		{
			"from": [3.25, 17.75, 3.5],
			"to": [12.5, 24.5, 12.75],
			"rotation": {"angle": 0, "axis": "y", "origin": [8, 0, 8.25]},
			"faces": {
				"north": {"uv": [2, 1, 4, 2], "texture": "#1"},
				"east": {"uv": [2, 2, 4, 3], "texture": "#1"},
				"south": {"uv": [2, 3, 4, 4], "texture": "#1"},
				"west": {"uv": [2, 0, 4, 1], "texture": "#1"},
				"up": {"uv": [2, 2, 0, 0], "rotation": 270, "texture": "#1"},
				"down": {"uv": [2, 2, 0, 4], "rotation": 90, "texture": "#1"}
			}
		},
		{
			"from": [4, 21, 4.25],
			"to": [11.75, 26.25, 12],
			"rotation": {"angle": 0, "axis": "y", "origin": [8, 0, 8.25]},
			"faces": {
				"north": {"uv": [0, 1, 1, 2], "texture": "#2"},
				"east": {"uv": [1, 0, 2, 1], "texture": "#2"},
				"south": {"uv": [1, 1, 2, 2], "texture": "#2"},
				"west": {"uv": [0, 0, 1, 1], "texture": "#2"},
				"up": {"uv": [1, 3, 0, 2], "rotation": 270, "texture": "#2"},
				"down": {"uv": [3, 0, 2, 1], "rotation": 90, "texture": "#2"}
			}
		},
		{
			"from": [4.75, 16.5, 5],
			"to": [11.15, 32, 11.4],
			"rotation": {"angle": 0, "axis": "y", "origin": [8, 0, 8.25]},
			"faces": {
				"north": {"uv": [1, 0, 2, 2], "texture": "#3"},
				"east": {"uv": [0, 2, 1, 4], "texture": "#3"},
				"south": {"uv": [2, 0, 3, 2], "texture": "#3"},
				"west": {"uv": [0, 0, 1, 2], "texture": "#3"},
				"up": {"uv": [2, 3, 1, 2], "rotation": 270, "texture": "#3"},
				"down": {"uv": [3, 2, 2, 3], "rotation": 90, "texture": "#3"}
			}
		}
	],
	"display": {
		"thirdperson_righthand": {
			"rotation": [26, 0, 0],
			"scale": [0.5, 0.5, 0.5]
		},
		"thirdperson_lefthand": {
			"rotation": [26, 0, 0],
			"scale": [0.5, 0.5, 0.5]
		},
		"firstperson_righthand": {
			"rotation": [-20, 24, 0],
			"translation": [1.5, 0, 0],
			"scale": [0.35, 0.35, 0.35]
		},
		"firstperson_lefthand": {
			"rotation": [-20, 24, 0],
			"translation": [1.5, 0, 0],
			"scale": [0.35, 0.35, 0.35]
		},
		"ground": {
			"scale": [0.5, 0.5, 0.5]
		},
		"gui": {
			"rotation": [6, -180, 16],
			"translation": [0, -3.5, 0],
			"scale": [0.5, 0.5, 0.5]
		},
		"fixed": {
			"rotation": [-90, 0, 0],
			"translation": [0, 0, -7]
		}
	},
	"groups": [
		{
			"name": "group",
			"origin": [8, 0, 8.25],
			"color": 0,
			"children": [0, 1, 2, 3, 4]
		}
	]
}